{
  "allRoundData": [
    {
      "name": "Round Zero",
      "timeLimitInSeconds": 20,
      "pointsAddedForCorrectAnswer": 1,
      "questions": [
        {
          "questionSound": "https://pudgypoppins.github.io/Sound-Application/sound/1482.ogg",
          "answers": [
            {
              "answerText": "1482",
              "isCorrect": true
            },
            {
              "answerText": "1484",
              "isCorrect": false
            },
            {
              "answerText": "148",
              "isCorrect": false
            },
            {
              "answerText": "1488",
              "isCorrect": false
            }
          ]
        },
        {
          "questionSound": "https://pudgypoppins.github.io/Sound-Application/sound/9.ogg",
          "answers": [
            {
              "answerText": "9",
              "isCorrect": true
            },
            {
              "answerText": "12",
              "isCorrect": false
            },
            {
              "answerText": "11",
              "isCorrect": false
            },
            {
              "answerText": "4",
              "isCorrect": false
            }
          ]
        },
        {
          "questionSound": "https://pudgypoppins.github.io/Sound-Application/sound/8.ogg",
          "answers": [
            {
              "answerText": "8",
              "isCorrect": true
            },
            {
              "answerText": "11",
              "isCorrect": false
            },
            {
              "answerText": "9",
              "isCorrect": false
            },
            {
              "answerText": "6",
              "isCorrect": false
            }
          ]
        },
        {
          "questionSound": "https://pudgypoppins.github.io/Sound-Application/sound/7.ogg",
          "answers": [
            {
              "answerText": "7",
              "isCorrect": true
            },
            {
              "answerText": "11",
              "isCorrect": false
            },
            {
              "answerText": "6",
              "isCorrect": false
            },
            {
              "answerText": "5",
              "isCorrect": false
            }
          ]
        },
        {
          "questionSound": "https://pudgypoppins.github.io/Sound-Application/sound/4.ogg",
          "answers": [
            {
              "answerText": "4",
              "isCorrect": true
            },
            {
              "answerText": "14",
              "isCorrect": false
            },
            {
              "answerText": "3",
              "isCorrect": false
            },
            {
              "answerText": "11",
              "isCorrect": false
            }
          ]
        }
      ]
    }
  ]
}
